node1,node2,topic_similarity,temporal_similarity
0,1,0.9712329547113168,0.5584
1,0,0.9712329547113168,0.5584
