node1,node2,topic_similarity,temporal_similarity
77,78,0.9442084974251284,0.8848
78,77,0.9442084974251284,0.8848
