node1,node2,topic_similarity,temporal_similarity
79,80,0.8506205204134097,-0.095
80,79,0.8506205204134097,-0.095
