node1,node2,topic_similarity,temporal_similarity
81,82,0.9005454524463068,-0.0773
82,81,0.9005454524463068,-0.0773
81,83,0.9241409804630162,0.2345
83,81,0.9241409804630162,0.2345
82,83,0.923030253192901,0.0919
83,82,0.923030253192901,0.0919
84,83,0.5658087215158952,0.2345
83,84,0.5658087215158952,0.2345
