node1,node2,topic_similarity,temporal_similarity
102,103,0.7800355799103206,-0.0464
103,102,0.7800355799103206,-0.0464
