node1,node2,topic_similarity,temporal_similarity
104,105,0.8220899234159069,-0.0464
105,104,0.8220899234159069,-0.0464
104,105,0.8220899234159069,-0.0464
105,104,0.8220899234159069,-0.0464
