node1,node2,topic_similarity,temporal_similarity
505,506,0.801468159920032,-0.0464
506,505,0.801468159920032,-0.0464
506,507,0.8725731678861609,-0.0863
507,506,0.8725731678861609,-0.0863
506,508,0.8725731678861609,-0.0464
508,506,0.8725731678861609,-0.0464
507,508,0.8725731678861609,-0.0464
508,507,0.8725731678861609,-0.0464
