node1,node2,topic_similarity,temporal_similarity
524,525,0.5958101829801928,-0.0464
525,524,0.5958101829801928,-0.0464
524,526,0.8314977438120135,-0.0323
526,524,0.8314977438120135,-0.0323
524,527,0.8456964201291757,-0.0679
527,524,0.8456964201291757,-0.0679
525,526,0.918133081430043,0.6956
526,525,0.918133081430043,0.6956
525,527,0.9356158558327186,0.6831
527,525,0.9356158558327186,0.6831
526,527,0.9356158558327186,0.6831
527,526,0.9356158558327186,0.6831
