node1,node2,topic_similarity,temporal_similarity
528,529,0.7931314384939486,-0.0667
529,528,0.7931314384939486,-0.0667
