node1,node2,topic_similarity,temporal_similarity
720,721,0.8186166113783766,-0.0578
721,720,0.8186166113783766,-0.0578
720,722,0.8186166113783766,-0.0578
722,720,0.8186166113783766,-0.0578
721,722,0.7218243604701021,-0.0323
722,721,0.7218243604701021,-0.0323
