node1,node2,topic_similarity,temporal_similarity
723,724,0.676709427938876,-0.0323
724,723,0.676709427938876,-0.0323
