node1,node2,topic_similarity,temporal_similarity
725,726,0.676709427938876,-0.0323
726,725,0.676709427938876,-0.0323
725,727,0.676709427938876,-0.0323
727,725,0.676709427938876,-0.0323
725,728,0.7491443227890152,-0.0751
728,725,0.7491443227890152,-0.0751
726,727,0.676709427938876,-0.0323
727,726,0.676709427938876,-0.0323
726,728,0.7491443227890152,-0.0751
728,726,0.7491443227890152,-0.0751
727,728,0.7491443227890152,-0.0751
728,727,0.7491443227890152,-0.0751
