node1,node2,topic_similarity,temporal_similarity
729,730,0.8255568601372966,-0.0438
730,729,0.8255568601372966,-0.0438
