node1,node2,topic_similarity,temporal_similarity
731,732,0.7233709798573624,-0.0323
732,731,0.7233709798573624,-0.0323
731,733,0.7233709798573624,-0.0323
733,731,0.7233709798573624,-0.0323
732,733,0.7312887263910364,-0.0438
733,732,0.7312887263910364,-0.0438
