node1,node2,topic_similarity,temporal_similarity
734,735,0.8472680277024757,-0.0323
735,734,0.8472680277024757,-0.0323
734,736,0.7632774406703705,-0.0438
736,734,0.7632774406703705,-0.0438
734,737,0.7292682643007385,-0.0578
737,734,0.7292682643007385,-0.0578
735,736,0.8700611405733025,0.2997
736,735,0.8700611405733025,0.2997
735,737,0.8291282787928878,0.3949
737,735,0.8291282787928878,0.3949
736,737,0.7292682643007385,-0.0578
737,736,0.7292682643007385,-0.0578
