node1,node2,topic_similarity,temporal_similarity
738,739,0.8050582031986614,-0.0323
739,738,0.8050582031986614,-0.0323
