node1,node2,topic_similarity,temporal_similarity
740,741,0.8811314052365956,-0.0464
741,740,0.8811314052365956,-0.0464
