node1,node2,topic_similarity,temporal_similarity
818,819,0.9209799951242894,-0.0323
819,818,0.9209799951242894,-0.0323
818,820,0.7394538636530682,-0.0323
820,818,0.7394538636530682,-0.0323
818,821,0.7394538636530682,-0.0323
821,818,0.7394538636530682,-0.0323
819,820,0.8013091927432066,-0.0773
820,819,0.8013091927432066,-0.0773
819,821,0.8013091927432066,-0.0773
821,819,0.8013091927432066,-0.0773
820,821,0.7661286251294404,-0.0578
821,820,0.7661286251294404,-0.0578
