node1,node2,topic_similarity,temporal_similarity
822,823,0.8526413730591337,-0.0778
823,822,0.8526413730591337,-0.0778
