node1,node2,topic_similarity,temporal_similarity
832,833,0.8224752240651659,-0.0542
833,832,0.8224752240651659,-0.0542
832,834,0.8802426092315218,-0.1069
834,832,0.8802426092315218,-0.1069
833,834,0.8837191250888741,-0.0637
834,833,0.8837191250888741,-0.0637
