node1,node2,topic_similarity,temporal_similarity
835,836,0.9184389026808788,-0.0773
836,835,0.9184389026808788,-0.0773
835,837,0.8491592839725989,-0.0578
837,835,0.8491592839725989,-0.0578
836,837,0.9122993940154788,0.2644
837,836,0.9122993940154788,0.2644
838,839,0.8799749985282488,0.2904
839,838,0.8799749985282488,0.2904
838,836,0.8958185022055093,-0.0773
836,838,0.8958185022055093,-0.0773
839,836,0.8958185022055093,-0.0773
836,839,0.8958185022055093,-0.0773
