node1,node2,topic_similarity,temporal_similarity
842,843,0.8321130494685565,0.2928
843,842,0.8321130494685565,0.2928
842,844,0.8321130494685565,-0.0679
844,842,0.8321130494685565,-0.0679
843,844,0.0,-0.0323
844,843,0.0,-0.0323
842,844,0.8321130494685565,-0.0679
844,842,0.8321130494685565,-0.0679
