node1,node2,topic_similarity,temporal_similarity
852,853,0.7910075993198306,-0.0578
853,852,0.7910075993198306,-0.0578
854,853,0.8896833709886198,-0.083
853,854,0.8896833709886198,-0.083
