node1,node2,topic_similarity,temporal_similarity
894,895,0.816653478203135,-0.0323
895,894,0.816653478203135,-0.0323
