node1,node2,topic_similarity,temporal_similarity
896,897,0.9027551259799436,-0.0464
897,896,0.9027551259799436,-0.0464
