node1,node2,topic_similarity,temporal_similarity
898,899,0.8386734512784544,-0.0464
899,898,0.8386734512784544,-0.0464
