node1,node2,topic_similarity,temporal_similarity
1186,1187,0.8205130138003193,-0.0464
1187,1186,0.8205130138003193,-0.0464
