node1,node2,topic_similarity,temporal_similarity
1188,1189,0.7719297052748416,-0.0323
1189,1188,0.7719297052748416,-0.0323
