node1,node2,topic_similarity,temporal_similarity
1190,1191,0.8138006362159785,-0.0323
1191,1190,0.8138006362159785,-0.0323
1190,1192,0.8887400020709594,-0.0323
1192,1190,0.8887400020709594,-0.0323
1190,1193,0.8728041678081354,-0.0323
1193,1190,0.8728041678081354,-0.0323
1191,1192,0.896293280971525,-0.0464
1192,1191,0.896293280971525,-0.0464
1191,1193,0.906352048063776,-0.0464
1193,1191,0.906352048063776,-0.0464
1192,1193,0.7573761456409694,-0.0323
1193,1192,0.7573761456409694,-0.0323
