node1,node2,topic_similarity,temporal_similarity
1194,1195,0.9053125358718612,-0.0323
1195,1194,0.9053125358718612,-0.0323
