node1,node2,topic_similarity,temporal_similarity
1196,1197,0.7477888274469686,-0.0578
1197,1196,0.7477888274469686,-0.0578
