node1,node2,topic_similarity,temporal_similarity
1202,1203,0.8659413882543981,-0.0464
1203,1202,0.8659413882543981,-0.0464
1202,1204,0.8439159363458693,-0.1155
1204,1202,0.8439159363458693,-0.1155
1202,1205,0.8206559756714066,-0.0667
1205,1202,0.8206559756714066,-0.0667
1203,1204,0.8775047047655894,0.8083
1204,1203,0.8775047047655894,0.8083
1203,1205,0.8277719526967032,0.4667
1205,1203,0.8277719526967032,0.4667
1204,1205,0.8573220466335445,0.8028
1205,1204,0.8573220466335445,0.8028
