node1,node2,topic_similarity,temporal_similarity
1267,1268,0.7133332174262135,-0.0323
1268,1267,0.7133332174262135,-0.0323
1267,1269,0.7673898378039818,-0.0863
1269,1267,0.7673898378039818,-0.0863
1268,1269,0.0,-0.1545
1269,1268,0.0,-0.1545
