node1,node2,topic_similarity,temporal_similarity
1286,1287,0.7481457925362398,-0.0323
1287,1286,0.7481457925362398,-0.0323
