node1,node2,topic_similarity,temporal_similarity
1295,1296,0.6791138665042664,-0.0464
1296,1295,0.6791138665042664,-0.0464
1295,1297,0.8225883837899611,-0.0667
1297,1295,0.8225883837899611,-0.0667
1296,1297,0.0,-0.0464
1297,1296,0.0,-0.0464
