node1,node2,topic_similarity,temporal_similarity
1298,1299,0.859453320518417,-0.0578
1299,1298,0.859453320518417,-0.0578
1298,1300,0.8614989688632088,-0.0773
1300,1298,0.8614989688632088,-0.0773
1298,1301,0.8918962713730665,-0.0542
1301,1298,0.8918962713730665,-0.0542
1299,1300,0.0,-0.0773
1300,1299,0.0,-0.0773
1299,1301,0.0,-0.0542
1301,1299,0.0,-0.0542
1300,1301,0.0,-0.0542
1301,1300,0.0,-0.0542
1298,1301,0.8918962713730665,-0.0542
1301,1298,0.8918962713730665,-0.0542
