node1,node2,topic_similarity,temporal_similarity
1314,1315,0.7761133209531761,0.5584
1315,1314,0.7761133209531761,0.5584
1315,1314,0.0,-0.0323
1314,1315,0.0,-0.0323
