node1,node2,topic_similarity,temporal_similarity
1316,1317,0.8491298018430252,-0.0323
1317,1316,0.8491298018430252,-0.0323
1316,1318,0.8730257055565056,0.5584
1318,1316,0.8730257055565056,0.5584
1316,1319,0.8743549490169074,-0.0323
1319,1316,0.8743549490169074,-0.0323
1317,1318,0.8730257055565056,0.5584
1318,1317,0.8730257055565056,0.5584
1317,1319,0.8743549490169074,-0.0323
1319,1317,0.8743549490169074,-0.0323
1318,1319,0.9016415966337816,-0.0679
1319,1318,0.9016415966337816,-0.0679
