node1,node2,topic_similarity,temporal_similarity
1320,1321,0.866753869067696,-0.114
1321,1320,0.866753869067696,-0.114
