node1,node2,topic_similarity,temporal_similarity
1325,1326,0.8917196768454229,0.0098
1326,1325,0.8917196768454229,0.0098
