node1,node2,topic_similarity,temporal_similarity
1447,1448,0.8593895237400475,-0.0578
1448,1447,0.8593895237400475,-0.0578
1447,1449,0.8593895237400475,-0.0578
1449,1447,0.8593895237400475,-0.0578
1448,1449,0.0,-0.0323
1449,1448,0.0,-0.0323
