node1,node2,topic_similarity,temporal_similarity
1452,1453,0.8625644237888683,-0.0323
1453,1452,0.8625644237888683,-0.0323
