node1,node2,topic_similarity,temporal_similarity
1461,1462,0.9151513154415246,-0.0464
1462,1461,0.9151513154415246,-0.0464
1461,1463,0.0,-0.0464
1463,1461,0.0,-0.0464
1461,1464,0.8858260617824395,0.4667
1464,1461,0.8858260617824395,0.4667
1462,1463,0.0,-0.0464
1463,1462,0.0,-0.0464
1462,1464,0.8964958224232349,-0.0667
1464,1462,0.8964958224232349,-0.0667
1463,1464,0.8964958224232349,-0.0464
1464,1463,0.8964958224232349,-0.0464
