node1,node2,topic_similarity,temporal_similarity
1477,1478,0.7604680915117991,-0.1262
1478,1477,0.7604680915117991,-0.1262
