node1,node2,topic_similarity,temporal_similarity
1528,1529,0.7725881513637265,-0.0323
1529,1528,0.7725881513637265,-0.0323
1528,1530,0.7725881513637265,-0.0323
1530,1528,0.7725881513637265,-0.0323
1529,1530,0.7911001479881188,-0.0323
1530,1529,0.7911001479881188,-0.0323
