node1,node2,topic_similarity,temporal_similarity
1531,1532,0.7612378308628102,-0.0578
1532,1531,0.7612378308628102,-0.0578
