node1,node2,topic_similarity,temporal_similarity
1831,1832,0.0,-0.0323
1832,1831,0.0,-0.0323
1831,1833,0.6512260953198606,-0.0323
1833,1831,0.6512260953198606,-0.0323
1831,1834,0.686922034552874,-0.0323
1834,1831,0.686922034552874,-0.0323
1832,1833,0.8103847114842408,-0.0323
1833,1832,0.8103847114842408,-0.0323
1832,1834,0.9150424673263606,1.0
1834,1832,0.9150424673263606,1.0
1833,1834,0.9150424673263606,1.0
1834,1833,0.9150424673263606,1.0
