node1,node2,topic_similarity,temporal_similarity
1835,1836,0.7610135759047507,-0.0464
1836,1835,0.7610135759047507,-0.0464
