node1,node2,topic_similarity,temporal_similarity
1837,1838,0.7611601324293364,-0.0464
1838,1837,0.7611601324293364,-0.0464
1837,1839,0.7115864949758259,-0.0323
1839,1837,0.7115864949758259,-0.0323
1838,1839,0.7115864949758259,-0.0323
1839,1838,0.7115864949758259,-0.0323
