node1,node2,topic_similarity,temporal_similarity
1840,1841,0.8446241694107972,-0.0667
1841,1840,0.8446241694107972,-0.0667
1840,1842,0.8518969955848341,-0.083
1842,1840,0.8518969955848341,-0.083
1841,1842,0.7577004677361701,-0.083
1842,1841,0.7577004677361701,-0.083
