node1,node2,topic_similarity,temporal_similarity
1843,1844,0.8249292575754472,-0.0323
1844,1843,0.8249292575754472,-0.0323
1843,1845,0.8638934732062395,-0.0679
1845,1843,0.8638934732062395,-0.0679
1844,1845,0.8638934732062395,-0.0679
1845,1844,0.8638934732062395,-0.0679
1845,1846,0.8638934732062395,-0.0679
1846,1845,0.8638934732062395,-0.0679
1845,1847,0.0,-0.0464
1847,1845,0.0,-0.0464
1846,1847,0.0,-0.0976
1847,1846,0.0,-0.0976
