node1,node2,topic_similarity,temporal_similarity
1860,1861,0.8103093214700315,-0.0773
1861,1860,0.8103093214700315,-0.0773
