node1,node2,topic_similarity,temporal_similarity
1862,1863,0.7467707710801075,-0.0464
1863,1862,0.7467707710801075,-0.0464
