node1,node2,topic_similarity,temporal_similarity
1864,1865,0.8041324301887011,-0.124
1865,1864,0.8041324301887011,-0.124
1864,1866,0.8079158966535388,-0.124
1866,1864,0.8079158966535388,-0.124
1864,1867,0.7403122043000988,-0.1545
1867,1864,0.7403122043000988,-0.1545
1865,1866,0.8551819346047024,0.4667
1866,1865,0.8551819346047024,0.4667
1865,1867,0.7933766478347871,-0.083
1867,1865,0.7933766478347871,-0.083
1866,1867,0.7341399245470893,-0.083
1867,1866,0.7341399245470893,-0.083
