node1,node2,topic_similarity,temporal_similarity
1876,1877,0.0,-0.0727
1877,1876,0.0,-0.0727
1876,1878,0.0,-0.0323
1878,1876,0.0,-0.0323
1877,1878,0.0,-0.0464
1878,1877,0.0,-0.0464
1879,1880,0.9290500609214478,0.196
1880,1879,0.9290500609214478,0.196
1879,1876,0.8807892905242701,-0.0637
1876,1879,0.8807892905242701,-0.0637
1880,1876,0.6800518561895689,-0.0323
1876,1880,0.6800518561895689,-0.0323
