node1,node2,topic_similarity,temporal_similarity
1890,1891,0.9019653976013527,1.0
1891,1890,0.9019653976013527,1.0
1890,1892,0.900759015553542,-0.0323
1892,1890,0.900759015553542,-0.0323
1891,1892,0.945631138689739,0.241
1892,1891,0.945631138689739,0.241
