node1,node2,topic_similarity,temporal_similarity
1899,1900,0.8557795894011969,-0.0323
1900,1899,0.8557795894011969,-0.0323
