node1,node2,topic_similarity,temporal_similarity
1901,1902,0.8167244002402985,-0.0323
1902,1901,0.8167244002402985,-0.0323
