node1,node2,topic_similarity,temporal_similarity
1903,1904,0.832069098786363,-0.0578
1904,1903,0.832069098786363,-0.0578
