node1,node2,topic_similarity,temporal_similarity
1910,1911,0.6167185690965591,-0.0323
1911,1910,0.6167185690965591,-0.0323
