node1,node2,topic_similarity,temporal_similarity
2171,2172,0.8118748378890575,-0.0323
2172,2171,0.8118748378890575,-0.0323
