node1,node2,topic_similarity,temporal_similarity
2184,2185,0.8017474928345443,-0.0464
2185,2184,0.8017474928345443,-0.0464
