node1,node2,topic_similarity,temporal_similarity
2186,2187,0.7652954277846091,-0.0323
2187,2186,0.7652954277846091,-0.0323
2186,2188,0.7614775032699226,-0.0464
2188,2186,0.7614775032699226,-0.0464
2186,2189,0.831845652756204,-0.095
2189,2186,0.831845652756204,-0.095
2187,2188,0.7614775032699226,-0.0464
2188,2187,0.7614775032699226,-0.0464
2187,2189,0.831845652756204,-0.095
2189,2187,0.831845652756204,-0.095
2188,2189,0.831845652756204,-0.095
2189,2188,0.831845652756204,-0.095
