node1,node2,topic_similarity,temporal_similarity
2195,2196,0.7754371767306223,0.5584
2196,2195,0.7754371767306223,0.5584
