node1,node2,topic_similarity,temporal_similarity
2286,2287,0.7765185582920818,-0.0323
2287,2286,0.7765185582920818,-0.0323
2286,2288,0.7284669231648351,-0.0464
2288,2286,0.7284669231648351,-0.0464
2287,2288,0.8368739685716937,-0.0667
2288,2287,0.8368739685716937,-0.0667
