node1,node2,topic_similarity,temporal_similarity
2289,2290,0.8542429159924823,-0.083
2290,2289,0.8542429159924823,-0.083
