node1,node2,topic_similarity,temporal_similarity
2291,2292,0.9207302586685772,0.2285
2292,2291,0.9207302586685772,0.2285
2293,2292,0.0,-0.0323
2292,2293,0.0,-0.0323
