node1,node2,topic_similarity,temporal_similarity
2601,2602,0.6614142583432828,0.6956
2602,2601,0.6614142583432828,0.6956
2601,2603,0.6654902935952632,-0.0578
2603,2601,0.6654902935952632,-0.0578
2602,2603,0.8189882144894377,-0.083
2603,2602,0.8189882144894377,-0.083
