node1,node2,topic_similarity,temporal_similarity
2608,2609,0.5796494520999417,-0.0323
2609,2608,0.5796494520999417,-0.0323
2608,2610,0.5796494520999417,-0.0323
2610,2608,0.5796494520999417,-0.0323
2609,2610,0.5998100497382213,-0.0323
2610,2609,0.5998100497382213,-0.0323
