node1,node2,topic_similarity,temporal_similarity
2611,2612,0.8719325311105506,0.4667
2612,2611,0.8719325311105506,0.4667
