node1,node2,topic_similarity,temporal_similarity
2674,2675,0.5507543949417619,0.5584
2675,2674,0.5507543949417619,0.5584
2674,2676,0.5781693764215449,0.3739
2676,2674,0.5781693764215449,0.3739
2675,2676,0.7492056863483045,-0.0863
2676,2675,0.7492056863483045,-0.0863
