node1,node2,topic_similarity,temporal_similarity
2677,2678,0.8185301844931607,-0.0464
2678,2677,0.8185301844931607,-0.0464
