node1,node2,topic_similarity,temporal_similarity
2688,2689,0.714658046802768,-0.0323
2689,2688,0.714658046802768,-0.0323
2688,2690,0.714658046802768,-0.0323
2690,2688,0.714658046802768,-0.0323
2689,2690,0.714658046802768,-0.0323
2690,2689,0.714658046802768,-0.0323
