node1,node2,topic_similarity,temporal_similarity
2691,2692,0.8775180747748921,0.1222
2692,2691,0.8775180747748921,0.1222
