node1,node2,topic_similarity,temporal_similarity
2693,2694,0.9338301483817087,-0.0323
2694,2693,0.9338301483817087,-0.0323
2693,2695,0.8000224072377137,-0.0464
2695,2693,0.8000224072377137,-0.0464
2694,2695,0.0,-0.0464
2695,2694,0.0,-0.0464
