node1,node2,topic_similarity,temporal_similarity
3100,3101,0.8887569830585615,-0.1034
3101,3100,0.8887569830585615,-0.1034
