node1,node2,topic_similarity,temporal_similarity
3119,3120,0.8730547005437709,-0.0323
3120,3119,0.8730547005437709,-0.0323
