node1,node2,topic_similarity,temporal_similarity
3121,3122,0.8730547005437709,-0.0323
3122,3121,0.8730547005437709,-0.0323
3121,3123,0.8730547005437709,-0.0323
3123,3121,0.8730547005437709,-0.0323
3122,3123,0.8137792841262983,-0.0464
3123,3122,0.8137792841262983,-0.0464
3123,3122,0.8846924784682605,-0.0323
3122,3123,0.8846924784682605,-0.0323
3123,3121,0.8846924784682605,-0.0323
3121,3123,0.8846924784682605,-0.0323
3122,3121,0.8137792841262983,-0.0464
3121,3122,0.8137792841262983,-0.0464
