node1,node2,topic_similarity,temporal_similarity
3124,3125,0.9197979813243464,-0.0464
3125,3124,0.9197979813243464,-0.0464
