node1,node2,topic_similarity,temporal_similarity
3126,3127,0.8567087310449012,-0.0323
3127,3126,0.8567087310449012,-0.0323
