node1,node2,topic_similarity,temporal_similarity
3128,3129,0.8037241609201637,-0.0323
3129,3128,0.8037241609201637,-0.0323
