node1,node2,topic_similarity,temporal_similarity
3130,3131,0.8037241609201637,-0.0323
3131,3130,0.8037241609201637,-0.0323
3130,3132,0.8037241609201637,-0.0323
3132,3130,0.8037241609201637,-0.0323
3130,3133,0.7551598833885786,-0.0625
3133,3130,0.7551598833885786,-0.0625
3131,3132,0.8612037655546434,-0.0323
3132,3131,0.8612037655546434,-0.0323
3131,3133,0.7192245724597226,-0.0625
3133,3131,0.7192245724597226,-0.0625
3132,3133,0.7192245724597226,-0.0625
3133,3132,0.7192245724597226,-0.0625
