node1,node2,topic_similarity,temporal_similarity
3134,3135,0.5622264801292708,-0.0323
3135,3134,0.5622264801292708,-0.0323
3134,3136,0.5971157848040016,-0.0637
3136,3134,0.5971157848040016,-0.0637
3134,3137,0.5622264801292708,-0.0323
3137,3134,0.5622264801292708,-0.0323
3135,3136,0.7270524513512725,-0.0637
3136,3135,0.7270524513512725,-0.0637
3135,3137,0.5959189072219517,-0.0323
3137,3135,0.5959189072219517,-0.0323
3136,3137,0.522933387532462,-0.0323
3137,3136,0.522933387532462,-0.0323
