node1,node2,topic_similarity,temporal_similarity
3141,3142,0.6536359329539221,-0.0323
3142,3141,0.6536359329539221,-0.0323
