node1,node2,topic_similarity,temporal_similarity
3143,3144,0.6536359329539221,-0.0323
3144,3143,0.6536359329539221,-0.0323
3143,3145,0.6536359329539221,-0.0323
3145,3143,0.6536359329539221,-0.0323
3143,3146,0.7270505498845609,-0.0323
3146,3143,0.7270505498845609,-0.0323
3144,3145,0.8128454201951216,-0.0679
3145,3144,0.8128454201951216,-0.0679
3144,3146,0.8815320236617789,-0.0679
3146,3144,0.8815320236617789,-0.0679
3145,3146,0.0,-0.0464
3146,3145,0.0,-0.0464
