node1,node2,topic_similarity,temporal_similarity
3151,3152,0.0,-0.0323
3152,3151,0.0,-0.0323
3151,3153,0.9129215442608274,-0.0464
3153,3151,0.9129215442608274,-0.0464
3152,3153,0.9129215442608274,-0.0464
3153,3152,0.9129215442608274,-0.0464
