node1,node2,topic_similarity,temporal_similarity
3154,3155,0.7273940692484325,-0.0778
3155,3154,0.7273940692484325,-0.0778
3154,3156,0.7820666741652312,-0.0909
3156,3154,0.7820666741652312,-0.0909
3154,3157,0.7509367957817155,-0.0542
3157,3154,0.7509367957817155,-0.0542
3155,3156,0.7665650619040061,-0.0542
3156,3155,0.7665650619040061,-0.0542
3155,3157,0.6159989739685079,-0.0323
3157,3155,0.6159989739685079,-0.0323
3156,3157,0.7632644256840062,-0.0578
3157,3156,0.7632644256840062,-0.0578
