node1,node2,topic_similarity,temporal_similarity
3165,3166,0.6689277952465428,-0.0464
3166,3165,0.6689277952465428,-0.0464
3165,3167,0.7213990796661348,-0.0679
3167,3165,0.7213990796661348,-0.0679
3166,3167,0.9306682445668566,0.2928
3167,3166,0.9306682445668566,0.2928
