node1,node2,topic_similarity,temporal_similarity
3179,3180,0.8939888733069787,-0.0658
3180,3179,0.8939888733069787,-0.0658
