node1,node2,topic_similarity,temporal_similarity
3190,3191,0.8688823744648453,-0.0464
3191,3190,0.8688823744648453,-0.0464
3190,3192,0.8936624594948012,-0.083
3192,3190,0.8936624594948012,-0.083
3191,3192,0.8730677997472042,-0.0578
3192,3191,0.8730677997472042,-0.0578
