node1,node2,topic_similarity,temporal_similarity
3193,3194,0.8135340919607058,-0.0542
3194,3193,0.8135340919607058,-0.0542
3193,3195,0.8135340919607058,-0.0323
3195,3193,0.8135340919607058,-0.0323
3194,3195,0.8135340919607058,-0.0323
3195,3194,0.8135340919607058,-0.0323
3196,3194,0.8366322192090165,0.3791
3194,3196,0.8366322192090165,0.3791
