node1,node2,topic_similarity,temporal_similarity
3201,3202,0.7316626494601831,-0.0639
3202,3201,0.7316626494601831,-0.0639
3201,3203,0.8768792815489859,-0.0639
3203,3201,0.8768792815489859,-0.0639
3202,3203,0.7574315974988093,-0.0464
3203,3202,0.7574315974988093,-0.0464
