node1,node2,topic_similarity,temporal_similarity
3204,3205,0.6773913541476673,-0.0976
3205,3204,0.6773913541476673,-0.0976
3204,3206,0.6554202299711281,-0.0976
3206,3204,0.6554202299711281,-0.0976
3205,3206,0.8338648804360839,-0.063
3206,3205,0.8338648804360839,-0.063
