node1,node2,topic_similarity,temporal_similarity
3235,3236,0.7545115848216027,-0.0323
3236,3235,0.7545115848216027,-0.0323
