node1,node2,topic_similarity,temporal_similarity
3491,3492,0.5127162568306088,-0.0438
3492,3491,0.5127162568306088,-0.0438
