node1,node2,topic_similarity,temporal_similarity
3524,3525,0.7751209230503999,-0.0679
3525,3524,0.7751209230503999,-0.0679
3524,3526,0.8314284074639785,-0.1627
3526,3524,0.8314284074639785,-0.1627
3524,3527,0.5917176925687125,-0.0679
3527,3524,0.5917176925687125,-0.0679
3525,3526,0.7409624195990917,-0.1111
3526,3525,0.7409624195990917,-0.1111
3525,3527,0.4292955103368649,-0.0464
3527,3525,0.4292955103368649,-0.0464
3526,3527,0.512874220405503,-0.0323
3527,3526,0.512874220405503,-0.0323
