node1,node2,topic_similarity,temporal_similarity
3528,3529,0.6637355261820271,-0.0323
3529,3528,0.6637355261820271,-0.0323
3528,3530,0.6117500903473803,-0.0578
3530,3528,0.6117500903473803,-0.0578
3528,3531,0.0,-0.0323
3531,3528,0.0,-0.0323
3529,3530,0.5229141259919861,-0.0578
3530,3529,0.5229141259919861,-0.0578
3529,3531,0.0,-0.0323
3531,3529,0.0,-0.0323
3530,3531,0.0,-0.0323
3531,3530,0.0,-0.0323
