node1,node2,topic_similarity,temporal_similarity
3539,3540,0.8274473593108286,-0.0464
3540,3539,0.8274473593108286,-0.0464
