node1,node2,topic_similarity,temporal_similarity
3541,3542,0.5972851904788031,-0.0323
3542,3541,0.5972851904788031,-0.0323
