node1,node2,topic_similarity,temporal_similarity
3543,3544,0.8650599158889816,-0.0323
3544,3543,0.8650599158889816,-0.0323
