node1,node2,topic_similarity,temporal_similarity
3564,3565,0.692896006681274,-0.0323
3565,3564,0.692896006681274,-0.0323
3564,3566,0.692896006681274,-0.0323
3566,3564,0.692896006681274,-0.0323
3565,3566,0.6953199139440617,-0.0323
3566,3565,0.6953199139440617,-0.0323
