node1,node2,topic_similarity,temporal_similarity
3567,3568,0.9114942549574672,-0.0323
3568,3567,0.9114942549574672,-0.0323
3567,3569,0.8035549170054708,-0.0578
3569,3567,0.8035549170054708,-0.0578
3568,3569,0.7310341700194224,-0.097
3569,3568,0.7310341700194224,-0.097
