node1,node2,topic_similarity,temporal_similarity
3570,3571,0.8561661733479102,-0.0667
3571,3570,0.8561661733479102,-0.0667
3570,3572,0.8561661733479102,-0.0667
3572,3570,0.8561661733479102,-0.0667
3570,3573,0.8561661733479102,-0.0667
3573,3570,0.8561661733479102,-0.0667
3571,3572,0.9341121391993216,-0.0464
3572,3571,0.9341121391993216,-0.0464
3571,3573,0.9341121391993216,-0.0464
3573,3571,0.9341121391993216,-0.0464
3572,3573,0.9341121391993216,-0.0464
3573,3572,0.9341121391993216,-0.0464
