node1,node2,topic_similarity,temporal_similarity
3574,3575,0.7229493812197464,-0.0578
3575,3574,0.7229493812197464,-0.0578
