node1,node2,topic_similarity,temporal_similarity
3628,3629,0.6442736759493298,-0.0323
3629,3628,0.6442736759493298,-0.0323
3628,3630,0.5505210934459909,-0.0323
3630,3628,0.5505210934459909,-0.0323
3628,3631,0.5505210934459909,-0.0323
3631,3628,0.5505210934459909,-0.0323
3629,3630,0.5505210934459909,-0.0323
3630,3629,0.5505210934459909,-0.0323
3629,3631,0.5505210934459909,-0.0323
3631,3629,0.5505210934459909,-0.0323
3630,3631,0.7643811270101241,-0.0323
3631,3630,0.7643811270101241,-0.0323
