node1,node2,topic_similarity,temporal_similarity
3632,3633,0.8510292037880863,-0.0323
3633,3632,0.8510292037880863,-0.0323
