node1,node2,topic_similarity,temporal_similarity
3634,3635,0.6267172020292536,-0.0464
3635,3634,0.6267172020292536,-0.0464
3634,3636,0.4347768474790024,-0.0464
3636,3634,0.4347768474790024,-0.0464
3635,3636,0.6976613237110012,-0.0323
3636,3635,0.6976613237110012,-0.0323
