node1,node2,topic_similarity,temporal_similarity
3654,3655,0.7982601389290296,-0.0323
3655,3654,0.7982601389290296,-0.0323
