node1,node2,topic_similarity,temporal_similarity
3690,3691,0.925787703124504,-0.0679
3691,3690,0.925787703124504,-0.0679
