node1,node2,topic_similarity,temporal_similarity
3692,3693,0.8822940231667399,-0.0323
3693,3692,0.8822940231667399,-0.0323
3692,3694,0.8559971035868301,-0.0323
3694,3692,0.8559971035868301,-0.0323
3692,3695,0.8559971035868301,-0.0323
3695,3692,0.8559971035868301,-0.0323
3693,3694,0.0,-0.0323
3694,3693,0.0,-0.0323
3693,3695,0.0,-0.0323
3695,3693,0.0,-0.0323
3694,3695,0.0,-0.0323
3695,3694,0.0,-0.0323
