node1,node2,topic_similarity,temporal_similarity
3696,3697,0.7651751169009191,-0.0464
3697,3696,0.7651751169009191,-0.0464
3696,3698,0.7651751169009191,-0.0323
3698,3696,0.7651751169009191,-0.0323
3697,3698,0.7651751169009191,-0.0323
3698,3697,0.7651751169009191,-0.0323
