node1,node2,topic_similarity,temporal_similarity
3699,3700,0.8398895110349791,-0.0323
3700,3699,0.8398895110349791,-0.0323
