node1,node2,topic_similarity,temporal_similarity
3701,3702,0.8596827077002432,-0.0323
3702,3701,0.8596827077002432,-0.0323
