node1,node2,topic_similarity,temporal_similarity
3703,3704,0.7642527526274624,-0.0464
3704,3703,0.7642527526274624,-0.0464
3703,3705,0.7642527526274624,-0.0323
3705,3703,0.7642527526274624,-0.0323
3704,3705,0.7642527526274624,-0.0323
3705,3704,0.7642527526274624,-0.0323
