node1,node2,topic_similarity,temporal_similarity
3706,3707,0.8692198912310942,-0.0323
3707,3706,0.8692198912310942,-0.0323
