node1,node2,topic_similarity,temporal_similarity
3915,3916,0.8446261305724084,-0.0323
3916,3915,0.8446261305724084,-0.0323
3915,3917,0.8446261305724084,-0.0323
3917,3915,0.8446261305724084,-0.0323
3916,3917,0.8446261305724084,-0.0323
3917,3916,0.8446261305724084,-0.0323
