node1,node2,topic_similarity,temporal_similarity
3927,3928,0.0,-0.0323
3928,3927,0.0,-0.0323
3927,3929,0.0,-0.0323
3929,3927,0.0,-0.0323
3927,3930,0.514722444935223,-0.0323
3930,3927,0.514722444935223,-0.0323
3928,3929,0.0,-0.0323
3929,3928,0.0,-0.0323
3928,3930,0.5577419811496166,-0.0323
3930,3928,0.5577419811496166,-0.0323
3929,3930,0.593139273913718,-0.0323
3930,3929,0.593139273913718,-0.0323
