node1,node2,topic_similarity,temporal_similarity
3931,3932,0.8191689113177719,-0.0323
3932,3931,0.8191689113177719,-0.0323
3931,3933,0.8191689113177719,-0.0323
3933,3931,0.8191689113177719,-0.0323
3931,3934,0.8191689113177719,-0.0323
3934,3931,0.8191689113177719,-0.0323
3933,3934,0.895229081885437,-0.0323
3934,3933,0.895229081885437,-0.0323
