node1,node2,topic_similarity,temporal_similarity
4013,4014,0.4504626941579918,-0.0464
4014,4013,0.4504626941579918,-0.0464
