node1,node2,topic_similarity,temporal_similarity
4015,4016,0.4626820045379756,-0.0323
4016,4015,0.4626820045379756,-0.0323
4015,4017,0.524213511119327,-0.0464
4017,4015,0.524213511119327,-0.0464
4016,4017,0.4687771210640389,-0.0464
4017,4016,0.4687771210640389,-0.0464
