node1,node2,topic_similarity,temporal_similarity
4018,4019,0.6084314335006294,-0.0464
4019,4018,0.6084314335006294,-0.0464
