node1,node2,topic_similarity,temporal_similarity
4020,4021,0.7110101584573746,-0.0323
4021,4020,0.7110101584573746,-0.0323
