node1,node2,topic_similarity,temporal_similarity
4028,4029,0.8847631586903459,-0.0323
4029,4028,0.8847631586903459,-0.0323
4028,4030,0.8847631586903459,-0.0323
4030,4028,0.8847631586903459,-0.0323
4029,4030,0.8847631586903459,-0.0323
4030,4029,0.8847631586903459,-0.0323
