node1,node2,topic_similarity,temporal_similarity
4046,4047,0.9099806487325774,0.1352
4047,4046,0.9099806487325774,0.1352
