node1,node2,topic_similarity,temporal_similarity
4048,4049,0.8131377213610115,-0.0464
4049,4048,0.8131377213610115,-0.0464
4048,4050,0.8944218811116104,-0.0464
4050,4048,0.8944218811116104,-0.0464
4049,4050,0.9087821862202712,-0.0323
4050,4049,0.9087821862202712,-0.0323
