node1,node2,topic_similarity,temporal_similarity
4051,4052,0.9087821862202712,-0.0323
4052,4051,0.9087821862202712,-0.0323
4051,4053,0.9087821862202712,-0.0323
4053,4051,0.9087821862202712,-0.0323
4052,4053,0.9087821862202712,-0.0323
4053,4052,0.9087821862202712,-0.0323
