node1,node2,topic_similarity,temporal_similarity
4059,4060,0.8456924291250688,-0.0323
4060,4059,0.8456924291250688,-0.0323
4059,4061,0.7658817119992714,-0.0323
4061,4059,0.7658817119992714,-0.0323
4060,4061,0.7658817119992714,-0.0323
4061,4060,0.7658817119992714,-0.0323
