node1,node2,topic_similarity,temporal_similarity
4339,4340,0.7388944887821592,-0.0323
4340,4339,0.7388944887821592,-0.0323
4339,4341,0.7388944887821592,-0.0323
4341,4339,0.7388944887821592,-0.0323
4339,4342,0.7579580006050326,-0.0323
4342,4339,0.7579580006050326,-0.0323
4340,4341,0.7633133362412218,-0.0323
4341,4340,0.7633133362412218,-0.0323
4340,4342,0.8576663414133073,-0.0323
4342,4340,0.8576663414133073,-0.0323
4341,4342,0.8576663414133073,-0.0323
4342,4341,0.8576663414133073,-0.0323
