node1,node2,topic_similarity,temporal_similarity
4343,4344,0.6815050284096614,-0.0323
4344,4343,0.6815050284096614,-0.0323
4343,4345,0.6815050284096614,-0.0323
4345,4343,0.6815050284096614,-0.0323
4344,4345,0.7294261285163843,-0.0323
4345,4344,0.7294261285163843,-0.0323
