node1,node2,topic_similarity,temporal_similarity
4349,4350,0.698973510077815,-0.0323
4350,4349,0.698973510077815,-0.0323
4349,4351,0.8659304480670961,-0.0578
4351,4349,0.8659304480670961,-0.0578
4349,4352,0.670195263957576,-0.0323
4352,4349,0.670195263957576,-0.0323
4350,4351,0.8659304480670961,-0.0578
4351,4350,0.8659304480670961,-0.0578
4350,4352,0.670195263957576,-0.0323
4352,4350,0.670195263957576,-0.0323
4351,4352,0.670195263957576,-0.0323
4352,4351,0.670195263957576,-0.0323
