node1,node2,topic_similarity,temporal_similarity
4353,4354,0.7288438738502769,-0.0323
4354,4353,0.7288438738502769,-0.0323
