node1,node2,topic_similarity,temporal_similarity
4355,4356,0.7288438738502769,-0.0323
4356,4355,0.7288438738502769,-0.0323
4355,4357,0.7240097626519733,-0.0464
4357,4355,0.7240097626519733,-0.0464
4356,4357,0.7240097626519733,-0.0464
4357,4356,0.7240097626519733,-0.0464
