node1,node2,topic_similarity,temporal_similarity
4358,4359,0.6591965344910526,-0.0323
4359,4358,0.6591965344910526,-0.0323
4358,4360,0.8902036468358298,-0.0679
4360,4358,0.8902036468358298,-0.0679
4358,4361,0.6591965344910526,-0.0323
4361,4358,0.6591965344910526,-0.0323
4359,4360,0.8278982825811407,-0.0679
4360,4359,0.8278982825811407,-0.0679
4359,4361,0.633059453289504,-0.0323
4361,4359,0.633059453289504,-0.0323
4360,4361,0.637667070026815,-0.0323
4361,4360,0.637667070026815,-0.0323
