node1,node2,topic_similarity,temporal_similarity
4362,4363,0.6580963056549445,-0.0464
4363,4362,0.6580963056549445,-0.0464
4362,4364,0.6580963056549445,-0.0464
4364,4362,0.6580963056549445,-0.0464
4362,4365,0.6580963056549445,-0.0464
4365,4362,0.6580963056549445,-0.0464
4363,4364,0.7493901895827877,-0.0323
4364,4363,0.7493901895827877,-0.0323
4363,4365,0.7493901895827877,-0.0323
4365,4363,0.7493901895827877,-0.0323
4364,4365,0.7493901895827877,-0.0323
4365,4364,0.7493901895827877,-0.0323
