node1,node2,topic_similarity,temporal_similarity
4366,4367,0.8049118830127568,-0.0578
4367,4366,0.8049118830127568,-0.0578
