node1,node2,topic_similarity,temporal_similarity
4386,4387,0.8326298397006521,-0.0323
4387,4386,0.8326298397006521,-0.0323
