node1,node2,topic_similarity,temporal_similarity
4394,4395,0.8499816601010437,-0.0464
4395,4394,0.8499816601010437,-0.0464
4394,4396,0.7412727406400336,-0.0323
4396,4394,0.7412727406400336,-0.0323
4395,4396,0.7412727406400336,-0.0323
4396,4395,0.7412727406400336,-0.0323
