node1,node2,topic_similarity,temporal_similarity
4397,4398,0.7842846780846232,-0.0323
4398,4397,0.7842846780846232,-0.0323
