node1,node2,topic_similarity,temporal_similarity
4399,4400,0.7520153324094485,-0.0464
4400,4399,0.7520153324094485,-0.0464
4399,4401,0.5772373101941921,-0.0464
4401,4399,0.5772373101941921,-0.0464
4400,4401,0.5560556073150019,-0.0464
4401,4400,0.5560556073150019,-0.0464
4400,4401,0.5560556073150019,-0.0464
4401,4400,0.5560556073150019,-0.0464
