node1,node2,topic_similarity,temporal_similarity
4402,4403,0.5342819615348201,-0.0323
4403,4402,0.5342819615348201,-0.0323
4402,4404,0.6831737137674767,-0.0464
4404,4402,0.6831737137674767,-0.0464
4402,4405,0.6483147103287994,-0.0323
4405,4402,0.6483147103287994,-0.0323
4403,4404,0.6417219801497783,-0.0464
4404,4403,0.6417219801497783,-0.0464
4403,4405,0.5452644996141293,-0.0323
4405,4403,0.5452644996141293,-0.0323
4404,4405,0.3886073343377904,-0.0323
4405,4404,0.3886073343377904,-0.0323
