node1,node2,topic_similarity,temporal_similarity
4406,4407,0.6266712117090814,-0.0464
4407,4406,0.6266712117090814,-0.0464
4406,4408,0.6611379913330885,-0.0464
4408,4406,0.6611379913330885,-0.0464
4407,4408,0.7695861661161911,-0.0796
4408,4407,0.7695861661161911,-0.0796
