node1,node2,topic_similarity,temporal_similarity
4415,4416,0.6983614576917205,-0.0323
4416,4415,0.6983614576917205,-0.0323
