node1,node2,topic_similarity,temporal_similarity
4525,4526,0.753509655853189,-0.0323
4526,4525,0.753509655853189,-0.0323
