node1,node2,topic_similarity,temporal_similarity
4527,4528,0.7777067532156593,-0.0323
4528,4527,0.7777067532156593,-0.0323
4527,4529,0.797442908491236,-0.0323
4529,4527,0.797442908491236,-0.0323
4527,4530,0.797442908491236,-0.0323
4530,4527,0.797442908491236,-0.0323
4528,4529,0.797442908491236,-0.0323
4529,4528,0.797442908491236,-0.0323
4528,4530,0.797442908491236,-0.0323
4530,4528,0.797442908491236,-0.0323
4529,4530,0.797442908491236,-0.0323
4530,4529,0.797442908491236,-0.0323
