node1,node2,topic_similarity,temporal_similarity
4531,4532,0.8008005047272054,-0.0323
4532,4531,0.8008005047272054,-0.0323
4531,4533,0.8386662136672139,-0.0323
4533,4531,0.8386662136672139,-0.0323
4531,4534,0.7658080793371033,-0.0323
4534,4531,0.7658080793371033,-0.0323
4532,4533,0.8386662136672139,-0.0323
4533,4532,0.8386662136672139,-0.0323
4532,4534,0.7658080793371033,-0.0323
4534,4532,0.7658080793371033,-0.0323
4533,4534,0.7658080793371033,-0.0323
4534,4533,0.7658080793371033,-0.0323
