node1,node2,topic_similarity,temporal_similarity
4535,4536,0.771630587795529,-0.0464
4536,4535,0.771630587795529,-0.0464
4535,4537,0.8381029498478059,-0.0464
4537,4535,0.8381029498478059,-0.0464
4535,4538,0.8681149758218049,-0.0464
4538,4535,0.8681149758218049,-0.0464
4536,4537,0.880170816684889,-0.0323
4537,4536,0.880170816684889,-0.0323
4536,4538,0.879662043675055,-0.0323
4538,4536,0.879662043675055,-0.0323
4537,4538,0.879662043675055,-0.0323
4538,4537,0.879662043675055,-0.0323
