node1,node2,topic_similarity,temporal_similarity
4539,4540,0.8450363474047092,-0.0323
4540,4539,0.8450363474047092,-0.0323
