node1,node2,topic_similarity,temporal_similarity
4548,4549,0.651694679911846,-0.0323
4549,4548,0.651694679911846,-0.0323
4548,4550,0.6688348971605415,-0.0578
4550,4548,0.6688348971605415,-0.0578
4549,4550,0.6688348971605415,-0.0578
4550,4549,0.6688348971605415,-0.0578
