node1,node2,topic_similarity,temporal_similarity
4648,4649,0.5696492851669449,-0.0323
4649,4648,0.5696492851669449,-0.0323
