node1,node2,topic_similarity,temporal_similarity
4668,4669,0.7875796182930526,0.3319
4669,4668,0.7875796182930526,0.3319
