node1,node2,topic_similarity,temporal_similarity
5024,5025,0.8639780507472948,-0.0323
5025,5024,0.8639780507472948,-0.0323
5024,5026,0.8639780507472948,-0.0323
5026,5024,0.8639780507472948,-0.0323
5025,5026,0.8228175215960193,-0.0323
5026,5025,0.8228175215960193,-0.0323
