node1,node2,topic_similarity,temporal_similarity
5033,5034,0.8301684929107094,-0.0323
5034,5033,0.8301684929107094,-0.0323
5033,5035,0.8634986478985728,-0.0323
5035,5033,0.8634986478985728,-0.0323
5034,5035,0.8634986478985728,-0.0323
5035,5034,0.8634986478985728,-0.0323
