node1,node2,topic_similarity,temporal_similarity
5068,5069,0.7908655256001645,-0.0323
5069,5068,0.7908655256001645,-0.0323
