node1,node2,topic_similarity,temporal_similarity
5070,5071,0.8015001383667033,1.0
5071,5070,0.8015001383667033,1.0
