node1,node2,topic_similarity,temporal_similarity
5077,5078,0.841077977925119,-0.0323
5078,5077,0.841077977925119,-0.0323
