node1,node2,topic_similarity,temporal_similarity
5084,5085,0.7518647585460806,-0.0323
5085,5084,0.7518647585460806,-0.0323
