node1,node2,topic_similarity,temporal_similarity
5130,5131,0.5985187717779471,-0.0323
5131,5130,0.5985187717779471,-0.0323
