node1,node2,topic_similarity,temporal_similarity
5311,5312,0.7337621230273883,-0.0323
5312,5311,0.7337621230273883,-0.0323
