node1,node2,topic_similarity,temporal_similarity
5453,5454,0.6072446768221229,-0.0464
5454,5453,0.6072446768221229,-0.0464
