node1,node2,topic_similarity,temporal_similarity
5455,5456,0.0,-0.0323
5456,5455,0.0,-0.0323
5455,5457,0.7451035696544944,-0.0323
5457,5455,0.7451035696544944,-0.0323
5455,5458,0.7451035696544944,-0.0323
5458,5455,0.7451035696544944,-0.0323
5456,5457,0.621526570058438,-0.0438
5457,5456,0.621526570058438,-0.0438
5456,5458,0.621526570058438,-0.0438
5458,5456,0.621526570058438,-0.0438
5457,5458,0.8063609202591561,-0.0464
5458,5457,0.8063609202591561,-0.0464
