node1,node2,topic_similarity,temporal_similarity
5767,5768,0.7714020401523478,0.4239
5768,5767,0.7714020401523478,0.4239
5767,5769,0.6482784991043464,-0.0323
5769,5767,0.6482784991043464,-0.0323
5767,5770,0.6412542910203368,-0.0323
5770,5767,0.6412542910203368,-0.0323
5768,5769,0.7499230149901178,-0.0464
5769,5768,0.7499230149901178,-0.0464
5768,5770,0.8284268604546711,-0.0464
5770,5768,0.8284268604546711,-0.0464
5769,5770,0.6412542910203368,-0.0323
5770,5769,0.6412542910203368,-0.0323
