node1,node2,topic_similarity,temporal_similarity
5781,5782,0.6214880232930884,-0.0464
5782,5781,0.6214880232930884,-0.0464
