node1,node2,topic_similarity,temporal_similarity
5943,5944,0.0,-0.0323
5944,5943,0.0,-0.0323
5943,5945,0.0,-0.0323
5945,5943,0.0,-0.0323
5944,5945,0.0,-0.0323
5945,5944,0.0,-0.0323
5946,5944,0.9123641673785052,-0.1193
5944,5946,0.9123641673785052,-0.1193
5946,5947,0.0,-0.1193
5947,5946,0.0,-0.1193
5944,5947,1.0,-0.0323
5947,5944,1.0,-0.0323
5944,5948,1.0,-0.0323
5948,5944,1.0,-0.0323
