node1,node2,topic_similarity,temporal_similarity
6298,6299,0.0,-0.0323
6299,6298,0.0,-0.0323
6298,6300,0.8228110414215989,0.6956
6300,6298,0.8228110414215989,0.6956
6299,6300,0.8228110414215989,0.6956
6300,6299,0.8228110414215989,0.6956
6301,6299,0.0,-0.0323
6299,6301,0.0,-0.0323
6301,6300,0.8530460531484368,-0.0464
6300,6301,0.8530460531484368,-0.0464
6299,6300,0.8228110414215989,0.6956
6300,6299,0.8228110414215989,0.6956
