node1,node2,topic_similarity,temporal_similarity
6433,6434,0.8384149023437149,0.6956
6434,6433,0.8384149023437149,0.6956
6433,6435,0.725390949839062,-0.0323
6435,6433,0.725390949839062,-0.0323
6434,6435,0.8337738890770595,-0.0863
6435,6434,0.8337738890770595,-0.0863
