node1,node2,topic_similarity,temporal_similarity
6746,6747,0.6115292226507723,-0.0464
6747,6746,0.6115292226507723,-0.0464
6746,6748,0.6115292226507723,-0.0464
6748,6746,0.6115292226507723,-0.0464
