node1,node2,topic_similarity,temporal_similarity
6754,6755,0.7908832797181113,-0.0323
6755,6754,0.7908832797181113,-0.0323
6754,6756,0.0,-0.0323
6756,6754,0.0,-0.0323
6755,6756,0.0,-0.0323
6756,6755,0.0,-0.0323
