node1,node2,topic_similarity,temporal_similarity
6757,6758,0.7921792414405954,-0.0323
6758,6757,0.7921792414405954,-0.0323
6757,6759,0.8727949970969539,-0.0323
6759,6757,0.8727949970969539,-0.0323
6757,6760,0.8727949970969539,-0.0323
6760,6757,0.8727949970969539,-0.0323
6758,6759,0.0,-0.0323
6759,6758,0.0,-0.0323
6758,6760,0.0,-0.0323
6760,6758,0.0,-0.0323
6759,6760,0.0,-0.0323
6760,6759,0.0,-0.0323
