node1,node2,topic_similarity,temporal_similarity
6779,6780,0.2400391819464839,-0.0578
6780,6779,0.2400391819464839,-0.0578
6779,6781,0.2400391819464839,-0.0578
6781,6779,0.2400391819464839,-0.0578
6780,6781,0.3613094098099861,-0.0464
6781,6780,0.3613094098099861,-0.0464
