node1,node2,topic_similarity,temporal_similarity
6924,6925,0.851344701448934,-0.0679
6925,6924,0.851344701448934,-0.0679
6924,6926,0.851344701448934,-0.0679
6926,6924,0.851344701448934,-0.0679
6925,6926,0.8130332241935698,0.6622
6926,6925,0.8130332241935698,0.6622
