node1,node2,topic_similarity,temporal_similarity
6927,6928,0.8231563570981505,0.5123
6928,6927,0.8231563570981505,0.5123
6927,6929,0.7312879689605801,0.5123
6929,6927,0.7312879689605801,0.5123
6927,6930,0.4613528402215636,0.5123
6930,6927,0.4613528402215636,0.5123
6928,6929,0.6856954441900024,-0.0578
6929,6928,0.6856954441900024,-0.0578
6928,6930,0.4887920686324689,-0.0578
6930,6928,0.4887920686324689,-0.0578
6929,6930,0.5131582230725039,-0.0323
6930,6929,0.5131582230725039,-0.0323
