node1,node2,topic_similarity,temporal_similarity
6931,6932,0.7413817911634975,-0.0323
6932,6931,0.7413817911634975,-0.0323
6931,6933,0.7413817911634975,-0.0323
6933,6931,0.7413817911634975,-0.0323
