node1,node2,topic_similarity,temporal_similarity
6946,6947,0.6954030688148914,-0.0464
6947,6946,0.6954030688148914,-0.0464
