node1,node2,topic_similarity,temporal_similarity
6956,6957,0.643377940899787,-0.0639
6957,6956,0.643377940899787,-0.0639
6956,6958,0.7526774975202608,-0.0639
6958,6956,0.7526774975202608,-0.0639
6957,6958,0.8371188400676278,-0.0323
6958,6957,0.8371188400676278,-0.0323
6956,6959,0.7526774975202608,-0.0639
6959,6956,0.7526774975202608,-0.0639
6956,6958,0.7526774975202608,-0.0639
6958,6956,0.7526774975202608,-0.0639
6959,6958,0.8371188400676278,0.4778
6958,6959,0.8371188400676278,0.4778
